id,name,kind,owner_id,element_ids,purpose,source
D01,Mission context,Operational context,PK0,"[""EA"", ""EB"", ""AIR"", ""OP"", ""A3"", ""ENV""]",A-to-B service crosses the relay aircraft. Carrier command/status is a separate path; terrain constrains the service geometry.,diagrams/d01-mission-context.mmd
D02,Service requirements,Requirement view,PK0,"[""N1"", ""R1"", ""R2"", ""TC1"", ""TC2"", ""P5"", ""P1""]",Engineering requirements derive from the service need. Dashed verify links identify check responsibilities; they do not claim demonstrated communications performance.,diagrams/d02-service-requirements.mmd
D03,Recovery requirements,Requirement view,PK0,"[""N2"", ""R3"", ""R4"", ""R5"", ""TC3"", ""TC4"", ""TC5""]","Energy, installed mass and continuous demand constrain the planned sortie. Thresholds remain illustrative and actual recovery has not been demonstrated.",diagrams/d03-recovery-requirements.mmd
D04,Interface and evidence requirements,Requirement view,PK0,"[""R6"", ""R7"", ""R8"", ""N2"", ""N3"", ""N4"", ""TC6"", ""TC7"", ""TC8""]","Installation evidence, comparison records and reproducibility have different checks. The interface review remains open even when the numerical tests pass.",diagrams/d04-interface-and-evidence-requirements.mmd
D05,Operational use cases,Use-case view,PK0,"[""A1"", ""A2"", ""A3"", ""UC1"", ""UC2"", ""UC3"", ""UC4"", ""UC5"", ""SYS""]","Rounded nodes represent use cases. Actor associations express participation, not execution order. Restore readiness is described but not simulated.",diagrams/d05-operational-use-cases.mmd
D06,Mission functions,Activity-style view,PK0,"[""F1"", ""F2"", ""F3"", ""F4"", ""F5"", ""F6""]","Solid arrows indicate the nominal function sequence. Dashed arrows indicate supporting responsibilities, avoiding the suggestion that monitoring and power are extra timed flight segments.",diagrams/d06-mission-functions.mmd
D07,Logical blocks,Block-definition-style view,PK0,"[""L0"", ""L1"", ""L2"", ""L3"", ""L4""]","Composition groups responsibilities independently of hardware. Class compartments list responsibilities, not implemented software methods.",diagrams/d07-logical-blocks.mmd
D08,Physical composition,Block-definition-style view,PK0,"[""SYS"", ""AIR"", ""OP"", ""P1"", ""P2"", ""P3"", ""P4"", ""P5"", ""P6""]",Composition shows owned physical groups. Each box is a reusable block type; the labeled relationship is the part role. Both battery choices use this same structure.,diagrams/d08-physical-composition.mmd
D09,Airborne interfaces,Internal-block-style view,PK0,"[""P1"", ""P2"", ""P3"", ""P4"", ""P5"", ""I1"", ""I2"", ""IF6""]",Solid edges carry electrical supply; the dashed edge carries flight commands. Interface types and conjugated port directions remain explicit in the model tables.,diagrams/d09-airborne-interfaces.mmd
D10,Service and carrier interfaces,Internal-block-style view,PK0,"[""EA"", ""EB"", ""P5"", ""P3"", ""OP"", ""AIR"", ""I4"", ""I5""]",The served endpoints are external. Mission traffic and carrier control enter different aircraft responsibilities; no throughput or command-link reliability is demonstrated here.,diagrams/d10-service-and-carrier-interfaces.mmd
D11,Mission lifecycle,State-machine view,PK0,"[""SM1""]",The diagram specifies intended operational decisions. The evaluator checks a planned sortie and does not implement live flight control or off-nominal recovery.,diagrams/d11-mission-lifecycle.mmd
D12,Installed mass constraint,Parametric-style view,PK0,"[""CASE"", ""CB1""]",Undirected lines mean equality bindings between named values and constraint parameters. The mount increment is separate from pack mass. Python evaluates the relation.,diagrams/d12-installed-mass-constraint.mmd
D13,Energy and reserve constraint,Parametric-style view,PK0,"[""CASE"", ""CB4""]","One reserve deduction is applied to usable energy. Binding lines state equality, not calculation order; the constraint expression is listed below the figure in the book.",diagrams/d13-energy-and-reserve-constraint.mmd
D14,Supported dwell constraint,Parametric-style view,PK0,"[""CASE"", ""CB5""]","The maximum energy-supported dwell retains its sign. A negative value means the nonservice sortie already exceeds the allowance. Radio, mass and power checks still apply.",diagrams/d14-supported-dwell-constraint.mmd
D15,Configuration decision,Activity-style analysis view,PK0,"[""CASE"", ""R1"", ""R2"", ""R3"", ""R4"", ""R5""]",Six options share one mission and requirement basis. The selection is provisional and never converts missing hardware or physical evidence into a pass.,diagrams/d15-configuration-decision.mmd
D16,Propulsion power constraint,Parametric-style view,PK0,"[""CASE"", ""CB2"", ""P4""]","Fixed rotor geometry and a propulsion-only reference operating point define the provisional hover electrical law. The shared multiplier is a sensitivity input, not a wind model.",diagrams/d16-propulsion-power-constraint.mmd
D17,Segment energy constraint,Parametric-style view,PK0,"[""CASE"", ""CB3"", ""P2"", ""P3"", ""P5""]",Propulsion and auxiliary loads are accounted at the main bus. The payload regulator loss enters once. Duration times power is converted from joules to Wh by dividing by 3600.,diagrams/d17-segment-energy-constraint.mmd
