id,name,kind,package_id,description,requirement_text,evidence_status,precondition,postcondition,config_path,unit,base_type,flow_properties,evidence_path
A1,Field communications user,Actor,PK1,Stakeholder role; not an airborne component,,,,,,,,,
A2,Aircraft operator,Actor,PK1,Stakeholder role; not an airborne component,,,,,,,,,
A3,Field support,Actor,PK1,Stakeholder role; not an airborne component,,,,,,,,,
A4,Engineering reviewer,Actor,PK1,Stakeholder role; not an airborne component,,,,,,,,,
N1,Sustained service,Requirement,PK1,Provide the requested one-way relay service for the declared dwell.,Provide the requested one-way relay service for the declared dwell.,analyst-defined need,,,,,,,
N2,Recoverable sortie,Requirement,PK1,Account for the whole planned sortie and preserve reserve.,Account for the whole planned sortie and preserve reserve.,analyst-defined need,,,,,,,
N3,Deployment burden,Requirement,PK1,Make battery choice and installed mass transparent.,Make battery choice and installed mass transparent.,analyst-defined need,,,,,,,
N4,Reviewable recommendation,Requirement,PK1,Trace the recommendation to repeatable calculations and assumptions.,Trace the recommendation to repeatable calculations and assumptions.,analyst-defined need,,,,,,,
UC1,Prepare relay sortie,UseCase,PK1,"Review request, choose configuration, check declared gates. Reject dispatch if a gate or required operational evidence is missing.",,,Service request available,Plan and configuration are assessed,,,,,
UC2,Establish service,UseCase,PK1,"Climb, transit, and establish. Unsuccessful establishment ends service attempt and prompts intended recovery.",,,Accepted preparation,Station reached and both hops established,,,,,
UC3,Sustain relay service,UseCase,PK1,Relay A-to-B traffic while monitoring resources. Physical service delivery is not simulated.,,,Service established,Requested dwell provided,,,,,
UC4,End service and recover,UseCase,PK1,Return horizontally and descend at base. Off-nominal recovery is a described responsibility.,,,Dwell complete or service ends,Aircraft at recovery point,,,,,
UC5,Restore readiness,UseCase,PK1,Inspect and replace/recharge pack as appropriate. No turnaround-time model.,,,Aircraft recovered,Preparation responsibility restored,,,,,
R1,Clear and adequate service hops,Requirement,PK2,"For each declared service hop, the analysis shall require clearance margin at least 0 m relative to the wall top plus 5 m and link margin at least 10 dB above the -90 dBm assumed receiver threshold.","For each declared service hop, the analysis shall require clearance margin at least 0 m relative to the wall top plus 5 m and link margin at least 10 dB above the -90 dBm assumed receiver threshold.",conditional calculation,,,radio.required_margin_db; obstacle.clearance_m,,,,
R2,Requested service duration,Requirement,PK2,"Under the declared continuous-service assumptions, the analysis shall require energy-supported relay dwell of at least mission.dwell_s (baseline 900 s).","Under the declared continuous-service assumptions, the analysis shall require energy-supported relay dwell of at least mission.dwell_s (baseline 900 s).",energy proxy; actual service unassessed,,,mission.dwell_s,,,,
R3,Mission energy and reserve,Requirement,PK2,"For each option, planned mission energy plus reserve shall not exceed nominal_energy_wh times usable_fraction. Reserve is reserve_fraction of usable energy.","For each option, planned mission energy plus reserve shall not exceed nominal_energy_wh times usable_fraction. Reserve is reserve_fraction of usable energy.",conditional calculation,,,mission.usable_fraction; mission.reserve_fraction,,,,
R4,Gross mass ceiling,Requirement,PK2,"For each option, installed gross mass shall not exceed vehicle.max_gross_mass_kg (baseline 5.5 kg).","For each option, installed gross mass shall not exceed vehicle.max_gross_mass_kg (baseline 5.5 kg).",assumed ceiling,,,vehicle.max_gross_mass_kg,,,,
R5,Continuous bus power,Requirement,PK2,"For each option, the highest modeled segment bus demand shall not exceed vehicle.continuous_bus_limit_w (baseline 1400 W). Transients remain unassessed.","For each option, the highest modeled segment bus demand shall not exceed vehicle.continuous_bus_limit_w (baseline 1400 W). Transients remain unassessed.",assumed ceiling,,,vehicle.continuous_bus_limit_w,,,,
R6,Declared installation interfaces,Requirement,PK2,"The architecture shall specify I1–I5, their load and connection assumptions, and evidence gaps before a configuration is accepted for physical implementation.","The architecture shall specify I1–I5, their load and connection assumptions, and evidence gaps before a configuration is accepted for physical implementation.",documentation review pending; hardware unassessed,,,not applicable,,,,
R7,Comparable alternative records,Requirement,PK2,"The study shall report pack and gross mass, usable and reserve energy, energy margin and maximum supported dwell for each of the six options.","The study shall report pack and gross mass, usable and reserve energy, energy margin and maximum supported dwell for each of the six options.",artifact inspection,,,batteries; stations,,,,
R8,Reproducible provenance,Requirement,PK2,"Each generated study shall preserve resolved inputs and their SHA-256, state provisional physics and evidence status, and identify the calculation source.","Each generated study shall preserve resolved inputs and their SHA-256, state provisional physics and evidence status, and identify the calculation source.",artifact inspection,,,provenance,,,,
F1,Plan and configure,Activity,PK3,Operational responsibility; no flight-control implementation implied,,,,,,,,,
F2,Deploy and position,Activity,PK3,Operational responsibility; no flight-control implementation implied,,,,,,,,,
F3,Maintain relay service,Activity,PK3,Operational responsibility; no flight-control implementation implied,,,,,,,,,
F4,Monitor resources and status,Activity,PK3,Operational responsibility; no flight-control implementation implied,,,,,,,,,
F5,Return and recover,Activity,PK3,Operational responsibility; no flight-control implementation implied,,,,,,,,,
F6,Supply and distribute power,Activity,PK3,Operational responsibility; no flight-control implementation implied,,,,,,,,,
ACT0,Relay mission thread,Activity,PK3,"Call F1,F2,F3,F5 sequentially; F4/F6 are supporting responsibilities, not a second energy-counted mission",,,,,,,,,
SM1,Mission lifecycle,StateMachine,PK3,"Preflight, NoDispatch, Deploy, Relay, Recover, Complete; off-nominal recovery described only",,,,,,,,,
L0,Relay logical capability,Block,PK4,Logical responsibility independent of supplier/part number,,,,,,,,,
L1,Mission management,Block,PK4,Logical responsibility independent of supplier/part number,,,,,,,,,
L2,Flight support,Block,PK4,Logical responsibility independent of supplier/part number,,,,,,,,,
L3,Relay service,Block,PK4,Logical responsibility independent of supplier/part number,,,,,,,,,
L4,Energy support,Block,PK4,Logical responsibility independent of supplier/part number,,,,,,,,,
CTX,Mission context,Block,PK5,System and external reference usages,,,,,,,,,
SYS,Deployable relay system,Block,PK5,Aircraft plus operator support,,,,,,,,,
AIR,Relay aircraft,Block,PK5,Airborne composition; P1–P6 once each,,,,,,,,,
P1,Battery,Block,PK5,"Selected pack, stored energy and discharge boundary",,,,,,,,,
P2,Distribution and regulation,Block,PK5,Supply loads; combined reference distribution/mount mass is accounted once,,,,,,,,,
P3,Avionics and carrier radio,Block,PK5,"Commands, navigation/status and auxiliary load",,,,,,,,,
P4,Propulsion assembly,Block,PK5,"Controllers, motors and fixed rotors",,,,,,,,,
P5,Relay assembly,Block,PK5,Relay radio and antennas,,,,,,,,,
P6,Airframe and mounts,Block,PK5,"Structure, landing gear and installation support",,,,,,,,,
OP,Operator support,Block,PK5,Operator station and operating procedures; no airborne mass,,,,,,,,,
EA,Field endpoint A,Block,PK5,External service transmitter,,,,,,,,,
EB,Remote endpoint B,Block,PK5,External service receiver,,,,,,,,,
ENV,Environment,Block,PK5,"Ideal wall, fixed atmosphere and base datum",,,,,,,,,
VT1,Mass,ValueType,PK6,mass,,,,,,kg,Real,,
VT2,Power,ValueType,PK6,power,,,,,,W,Real,,
VT3,Energy,ValueType,PK6,energy,,,,,,Wh,Real,,
VT4,Duration,ValueType,PK6,time,,,,,,s,Real,,
VT5,Length,ValueType,PK6,length,,,,,,m,Real,,
VT6,Voltage,ValueType,PK6,electric potential,,,,,,V,Real,,
VT7,Fraction,ValueType,PK6,dimensionless,,,,,,1,Real,,
VT8,Frequency,ValueType,PK6,frequency,,,,,,Hz,Real,,
VT9,Decibel,ValueType,PK6,logarithmic ratio,,,,,,dB,Real,,
VT10,Speed,ValueType,PK6,speed,,,,,,m/s,Real,,
VT11,Count,ValueType,PK6,count,,,,,,1,Integer,,
VT12,PowerLevel,ValueType,PK6,logarithmic power relative to 1 mW,,,,,,dBm,Real,,
IT1,MissionTraffic,DataType,PK6,Opaque service data; no rate specified,,,,,,,,,
IT2,CarrierCommand,DataType,PK6,"Launch, end service and recovery intent",,,,,,,,,
IT3,CarrierStatus,DataType,PK6,Position and resource status,,,,,,,,,
IT4,FlightCommand,DataType,PK6,Avionics-to-propulsion intent,,,,,,,,,
I1,MainBusSupply,InterfaceBlock,PK6,"Source perspective; consumed ports conjugated. Values describe electrical exchange, not an electrical solver.",,,,,,,,"[{""name"": ""power"", ""type_id"": ""VT2"", ""direction"": ""out""}, {""name"": ""voltage"", ""type_id"": ""VT6"", ""direction"": ""out""}]",
I2,PayloadSupply,InterfaceBlock,PK6,Regulated source perspective; output voltage unresolved until hardware selected.,,,,,,,,"[{""name"": ""power"", ""type_id"": ""VT2"", ""direction"": ""out""}, {""name"": ""voltage"", ""type_id"": ""VT6"", ""direction"": ""out""}]",
I3,MechanicalSupport,InterfaceBlock,PK6,"Conceptual mounting contract, modeled without invented mechanical flow quantities; fit/CG/load capacity unassessed.",,,,,,,,[],
I4,RelayTraffic,InterfaceBlock,PK6,Transmitter perspective; receiver port conjugated.,,,,,,,,"[{""name"": ""traffic"", ""type_id"": ""IT1"", ""direction"": ""out""}]",
I5,CarrierControl,InterfaceBlock,PK6,Operator perspective; avionics conjugated.,,,,,,,,"[{""name"": ""command"", ""type_id"": ""IT2"", ""direction"": ""out""}, {""name"": ""status"", ""type_id"": ""IT3"", ""direction"": ""in""}]",
IF6,FlightControl,InterfaceBlock,PK6,"Internal avionics-to-propulsion signal; supporting interface, not a sixth top-level requirement group.",,,,,,,,"[{""name"": ""command"", ""type_id"": ""IT4"", ""direction"": ""out""}]",
CASE,MissionAnalysisCase,Block,PK7,"Analysis context, not an aircraft component; represents one pack/station/run combination",,,,,,,,,
CB1,GrossMass,ConstraintBlock,PK7,gross = nonbattery + battery + mount,,,,,,,,,
CB2,HoverElectricalPower,ConstraintBlock,PK7,hover = referencePower * (gross/referenceMass)^1.5 * multiplier,,,,,,,,,
CB3,SegmentEnergy,ConstraintBlock,PK7,energyWh = busPowerW * durationSeconds / 3600,,,,,,,,,
CB4,ReserveAccounting,ConstraintBlock,PK7,usable = nominal * usableFraction; reserve = usable * reserveFraction; margin = usable - reserve - mission,,,,,,,,,
CB5,EnergySupportedDwell,ConstraintBlock,PK7,dwell = (usable - reserve - nonservice) * 3600 / servicePower,,,,,,,,,
TC1,Verify R1,TestCase,PK8,Known wall and free-space fixtures; does not verify throughput,,,,,,,,,tests/test_model.py
TC2,Verify R2,TestCase,PK8,Calculated dwell threshold including nonservice energy,,,,,,,,,tests/test_model.py
TC3,Verify R3,TestCase,PK8,Independent ledger and equality/shortfall fixtures,,,,,,,,,tests/test_model.py
TC4,Verify R4,TestCase,PK8,Mass buildup and ceiling fixtures,,,,,,,,,tests/test_model.py
TC5,Verify R5,TestCase,PK8,Segment maximum and continuous ceiling fixtures,,,,,,,,,tests/test_model.py
TC6,Verify R6,TestCase,PK8,Human review of interface register; physical compatibility remains unassessed,,,,,,,,,docs/architecture.md
TC7,Verify R7,TestCase,PK8,Inspect six complete option records,,,,,,,,,results/baseline.json
TC8,Verify R8,TestCase,PK8,Check input/source hashes and reproducibility,,,,,,,,,results/baseline.json
