id,owner_id,name,type_id,is_conjugated
PT01,P1,mainOut,I1,False
PT02,P2,mainIn,I1,True
PT03,P2,propulsionOut,I1,False
PT04,P4,powerIn,I1,True
PT05,P2,avionicsOut,I1,False
PT06,P3,powerIn,I1,True
PT07,P2,payloadOut,I2,False
PT08,P5,powerIn,I2,True
PT09,EA,serviceOut,I4,False
PT10,P5,serviceIn,I4,True
PT11,P5,serviceOut,I4,False
PT12,EB,serviceIn,I4,True
PT13,OP,carrier,I5,False
PT14,P3,carrier,I5,True
PT15,P3,flightOut,IF6,False
PT16,P4,flightIn,IF6,True
MP1,P6,supportP1,I3,False
MR1,P1,mount,I3,False
MP2,P6,supportP3,I3,False
MR2,P3,mount,I3,False
MP3,P6,supportP4,I3,False
MR3,P4,mount,I3,False
MP4,P6,supportP5,I3,False
MR4,P5,mount,I3,False
