id,owner_id,name,type_id,source,path
VP01,AIR,nonbatteryMass,VT1,config,vehicle.nonbattery_mass_kg
VP02,AIR,maximumGrossMass,VT1,config,vehicle.max_gross_mass_kg
VP03,P1,batteryMass,VT1,battery,battery_mass_kg
VP04,P6,mountIncrement,VT1,battery,mount_delta_kg
VP05,P1,nominalEnergy,VT3,battery,nominal_energy_wh
VP06,P1,nominalVoltage,VT6,battery,voltage_v
VP07,P2,continuousBusLimit,VT2,config,vehicle.continuous_bus_limit_w
VP08,P2,regulatorEfficiency,VT7,config,vehicle.regulator_efficiency
VP09,P3,auxiliaryLoad,VT2,config,vehicle.avionics_power_w
VP10,P5,payloadLoad,VT2,config,vehicle.payload_load_w
VP11,P4,referencePower,VT2,config,physics.reference_power_w
VP12,P4,referenceMass,VT1,config,physics.reference_mass_kg
VP13,P4,rotorCount,VT11,config,vehicle.rotor_count
VP14,P4,rotorRadius,VT5,config,vehicle.rotor_radius_m
CV01,CASE,grossMass,VT1,result,gross_mass_kg
CV02,CASE,usableEnergy,VT3,result,usable_energy_wh
CV03,CASE,reserveEnergy,VT3,result,reserve_wh
CV04,CASE,missionEnergy,VT3,result,mission_energy_wh
CV05,CASE,energyMargin,VT3,result,energy_margin_wh
CV06,CASE,maximumDwell,VT4,result,max_energy_dwell_s
CV07,CASE,requiredDwell,VT4,config,mission.dwell_s
CV08,CASE,usableFraction,VT7,config,mission.usable_fraction
CV09,CASE,reserveFraction,VT7,config,mission.reserve_fraction
CV10,CASE,nonserviceEnergy,VT3,result,nonservice_energy_wh
CV11,CASE,servicePower,VT2,derived,ledger.relay.bus_power_w
CV12,CASE,nonbatteryMass,VT1,config,vehicle.nonbattery_mass_kg
CV13,CASE,batteryMass,VT1,battery,battery_mass_kg
CV14,CASE,mountIncrement,VT1,battery,mount_delta_kg
CV15,CASE,nominalEnergy,VT3,battery,nominal_energy_wh
